product,count_2014,count_2019,increase
102 - WRINGER WASHING MACHINES,2,3,1.5
"1023 - FERTILIZERS, NOT SPECIFIED",65,56,0.8615384615384616
1053 - FERTILIZERS AND OTHER CHEMICALS FOR OUTDOOR USE,11,13,1.1818181818181819
106 - ELECTRIC CLOTHES DRYERS WITHOUT WASHERS,17,20,1.1764705882352942
"1062 - TRACTORS, OTHER OR NOT SPECIFIED, N.O.S.",115,101,0.8782608695652174
107 - GAS CLOTHES DRYERS WITHOUT WASHERS,2,5,2.5
110 - ELECTRIC HEATING PADS,51,57,1.1176470588235294
1102 - VACUUM CONTAINERS,13,21,1.6153846153846154
1103 - SELF-CONTAINED OPENERS,27,44,1.6296296296296295
1107 - OTHER CONTAINERS,39,36,0.9230769230769231
1112 - METAL CONTAINERS,1497,1148,0.7668670674682698
1114 - CARDBOARD PRODUCTS,326,431,1.322085889570552
1116 - CONTAINERS WITH KEY OPENERS,1,2,2.0
112 - SEWING MACHINES OR ACCESSORIES,41,46,1.1219512195121952
1120 - GLASS SOFT DRINK BOTTLES,21,21,1.0
1122 - GLASS ALCOHOLIC BEVERAGE BOTTLES,315,269,0.8539682539682539
1123 - PLASTIC CONTAINERS (RIGID OR SEMI-RIGID),178,171,0.9606741573033708
1124 - GLASS TUBING OR TEST TUBES,8,6,0.75
1125 - WOODEN CONTAINERS,169,169,1.0
1127 - NONGLASS BOTTLES OR JARS,141,276,1.9574468085106382
1128 - PAPER BAGS,8,11,1.375
113 - FLOOR BUFFERS OR WAXERS,5,2,0.4
1130 - PLASTIC BAGS,152,169,1.111842105263158
1131 - PLASTIC WRAPPING PRODUCTS,40,63,1.575
1133 - AEROSOL CONTAINERS,78,61,0.782051282051282
1134 - OTHER GLASS BOTTLES OR JARS,100,124,1.24
"1135 - BOTTLES OR JARS, NOT SPECIFIED",394,361,0.916243654822335
1136 - CANNING JARS,34,41,1.2058823529411764
1137 - PAPER PRODUCTS,710,730,1.028169014084507
1138 - PRESSURIZED CONTAINERS (NONAEROSOL),16,14,0.875
1139 - ALUMINUM FOIL WRAPPING PRODUCTS,34,41,1.2058823529411764
114 - RUG SHAMPOOERS,11,8,0.7272727272727273
"1140 - GLASS BOTTLES OR JARS, NOT SPECIFIED",396,429,1.0833333333333333
"1141 - CONTAINERS, NOT SPECIFIED",2829,2598,0.9183457051961824
1143 - BUCKETS OR PAILS,294,251,0.8537414965986394
"1144 - BAGS, NOT ELSEWHERE CLASSIFIED",1018,924,0.9076620825147348
1145 - OTHER SPECIFIED PLASTIC PRODUCTS,87,126,1.4482758620689655
115 - VACUUM CLEANERS,408,360,0.8823529411764706
116 - ELECTRIC BROOMS,1,2,2.0
118 - GAS WATER HEATERS,6,7,1.1666666666666667
119 - ELECTRIC WATER HEATERS,2,4,2.0
"1200 - SPORTS AND RECREATIONAL ACTIVITY, N.E.C.",2191,2449,1.1177544500228207
"1205 - BASKETBALL, ACTIVITY AND RELATED EQUIPMENT",15354,12642,0.82336850332161
"1206 - BOWLING (ACTIVITY, APPAREL OR EQUIPMENT)",394,366,0.9289340101522843
"1207 - BOXING (ACTIVITY, APPAREL OR EQUIPMENT)",421,443,1.0522565320665083
"1208 - CROQUET (ACTIVITY, APPAREL OR EQUIPMENT)",8,5,0.625
"1211 - FOOTBALL (ACTIVITY, APPAREL OR EQUIPMENT)",11496,9374,0.8154140570633264
"1212 - GOLF (ACTIVITY, APPAREL OR EQUIPMENT)",651,726,1.1152073732718895
"1215 - LACROSSE (ACTIVITY, APPAREL OR EQUIPMENT)",544,462,0.8492647058823529
1217 - SLEDS,454,274,0.6035242290748899
1233 - TRAMPOLINES,3036,3917,1.2901844532279314
1234 - TREEHOUSES OR PLAYHOUSES,114,104,0.9122807017543859
"1235 - ARCHERY (ACTIVITY, APPAREL OR EQUIPMENT)",78,57,0.7307692307692307
"1237 - GAS, AIR OR SPRING-OPERATED GUNS",306,191,0.6241830065359477
"1239 - HORSEBACK RIDING (ACTIVITY, APPAREL OR EQUIPMENT)",1247,896,0.7185244587008821
1240 - AQUARIUMS OR ACCESSORIES,137,118,0.8613138686131386
1242 - SLIDES OR SLIDING BOARDS,1661,1620,0.975316074653823
1243 - SEE-SAWS OR TEETER BOARDS,123,125,1.016260162601626
1244 - MONKEY BARS OR OTHER PLAYGROUND CLIMBING APPARATUS,2694,2807,1.0419450631031923
125 - WATER SOFTENERS OR CONDITIONERS (APPLIANCES),1,3,3.0
"1257 - HORSESHOES (ACTIVITY, APPAREL OR EQUIPMENT)",23,11,0.4782608695652174
"1258 - MOUNTAIN CLIMBING (ACTIVITY, APPAREL OR EQUIPMENT)",124,160,1.2903225806451613
"1260 - BILLIARDS OR POOL (ACTIVITY, APPAREL OR EQUIPMENT)",72,70,0.9722222222222222
"1261 - SURFING (ACTIVITY, APPAREL OR EQUIPMENT)",200,141,0.705
"1264 - WATER SKIING (ACTIVITY, APPAREL OR EQUIPMENT)",89,74,0.8314606741573034
"1266 - VOLLEYBALL (ACTIVITY, APPAREL OR EQUIPMENT)",1362,1427,1.0477239353891337
"1267 - SOCCER (ACTIVITY, APPAREL OR EQUIPMENT)",7472,6497,0.8695128479657388
"1269 - TABLE TENNIS (ACTIVITY, APPAREL OR EQUIPMENT)",35,54,1.542857142857143
"127 - CLOTHES DRYERS, NOT SPECIFIED",142,124,0.8732394366197183
"1270 - WRESTLING (ACTIVITY, APPAREL OR EQUIPMENT)",1072,1027,0.9580223880597015
1271 - BATONS,8,8,1.0
1272 - GYMNASTICS AND ASSOCIATED EQUIPMENT,1064,1195,1.1231203007518797
1273 - TOBOGGANS,8,2,0.25
"1275 - SCUBA DIVING (ACTIVITY, APPAREL OR EQUIPMENT)",32,35,1.09375
"1276 - TETHERBALL (ACTIVITY, APPAREL OR EQUIPMENT)",57,57,1.0
1277 - SWIMMING POOL SLIDES,22,37,1.6818181818181819
1278 - DIVING OR DIVING BOARDS,167,161,0.9640718562874252
"1279 - ICE HOCKEY (ACTIVITY, APPAREL OR EQUIPMENT)",543,582,1.0718232044198894
"1282 - HANDBALL (ACTIVITY, APPAREL OR EQUIPMENT)",65,40,0.6153846153846154
1283 - UNICYCLES,5,13,2.6
"1284 - SWIMMING POOLS, NOT SPECIFIED",1145,1358,1.1860262008733624
"1290 - SNOWMOBILES (ACTIVITY, APPAREL OR EQUIPMENT)",104,97,0.9326923076923077
1293 - AMUSEMENT ATTRACTIONS (INCLUDING RIDES),821,819,0.997563946406821
1294 - BLEACHERS,437,415,0.9496567505720824
"1295 - FIELD HOCKEY (ACTIVITY, APPAREL OR EQUIPMENT)",117,98,0.8376068376068376
"1299 - SNOW TUBING (ACTIVITY, APPAREL OR EQUIPMENT)",29,18,0.6206896551724138
1301 - TRICYCLES,163,117,0.7177914110429447
1309 - KITES OR KITE STRING,8,6,0.75
"131 - PROPANE, LP OR BUTANE GAS TANKS OR FITTINGS",59,58,0.9830508474576272
1310 - POGO STICKS,53,30,0.5660377358490566
1313 - FIREWORKS,266,257,0.9661654135338346
1314 - ROCKETRY SETS,3,2,0.6666666666666666
1319 - METAL OR PLASTIC MOLDING SETS,2,2,1.0
132 - ELECTRIC BLANKETS OR SHEETS,8,6,0.75
"1322 - CHILDREN'S PLAY TENTS, PLAY TUNNELS OR OTHER ENCLOSURES",5,15,3.0
1325 - INFLATABLE TOYS,8,7,0.875
"1326 - BLOCKS, STACKING TOYS OR PULL TOYS",80,84,1.05
"1327 - NONWHEELED RIDING TOYS, UNPOWERED",83,58,0.6987951807228916
1328 - WAGONS (CHILDREN'S),116,104,0.896551724137931
"1329 - SCOOTERS, UNPOWERED",1729,1561,0.902834008097166
1330 - POWERED RIDING TOYS,66,79,1.196969696969697
1333 - SKATEBOARDS,2861,2502,0.8745193988116043
1338 - TOY BOWS OR ARROWS,8,21,2.625
"134 - WATER HEATERS, NOT SPECIFIED",63,48,0.7619047619047619
1342 - COSTUMES OR MASKS,27,35,1.2962962962962963
1344 - TOY MUSICAL INSTRUMENTS,27,26,0.9629629629629629
1345 - BUILDING SETS,224,354,1.5803571428571428
1347 - BALLOONS (TOY),86,99,1.1511627906976745
1349 - STILTS,6,2,0.3333333333333333
1352 - SLINGSHOTS OR SLING-PROPELLED TOYS,7,12,1.7142857142857142
1353 - TOY BOXES OR CHESTS,128,130,1.015625
1354 - MARBLES,76,98,1.2894736842105263
136 - DRINKING FOUNTAINS,32,31,0.96875
1365 - WATER TOYS,10,8,0.8
137 - AUTOMATIC DOORS OR DOOR OPENERS,48,51,1.0625
1376 - MOLDING COMPOUNDS,53,108,2.0377358490566038
138 - AUTOMATIC GARAGE DOORS OR DOOR OPENERS,40,37,0.925
"1381 - TOYS, NOT ELSEWHERE CLASSIFIED",218,205,0.9403669724770642
1389 - OTHER TOY WEAPONS (NONPROJECTILE),58,33,0.5689655172413793
"1390 - TOY GUNS, NOT SPECIFIED",45,64,1.4222222222222223
1392 - TOY SPORTS EQUIPMENT,60,62,1.0333333333333334
1393 - CHEMISTRY SETS OR SCIENCE KITS,4,3,0.75
"1394 - DOLLS, PLUSH TOYS, AND ACTION FIGURES",157,170,1.0828025477707006
"1395 - TOYS, NOT SPECIFIED",1285,1405,1.093385214007782
"1398 - WHEELED RIDING TOYS, UNPOWERED",70,83,1.1857142857142857
1399 - TOY GUNS WITH PROJECTILES,52,105,2.019230769230769
"140 - WASHING MACHINES, OTHER OR NOT SPECIFIED",302,217,0.7185430463576159
"1401 - POWER LAWN MOWERS, NOT SPECIFIED",327,319,0.9755351681957186
1402 - MANUAL PUSH MOWERS (UNPOWERED),35,24,0.6857142857142857
1403 - OTHER UNPOWERED GARDEN TOOLS,624,429,0.6875
1405 - GARDEN TRACTORS,38,22,0.5789473684210527
"1406 - SNOW THROWERS, BLOWERS",167,122,0.7305389221556886
1407 - GARDEN SPRAYERS,2,2,1.0
1408 - POWER TILLERS OR CULTIVATORS,36,20,0.5555555555555556
1409 - OTHER POWER GARDEN TOOLS,11,3,0.2727272727272727
1411 - CHAIN SAWS,566,445,0.7862190812720848
1413 - GREENHOUSE OR GARDENING SUPPLIES,315,363,1.1523809523809523
"1414 - GARDEN HOSES, NOZZLES OR SPRINKLERS",291,302,1.0378006872852235
1415 - MANUAL SNOW OR ICE REMOVAL TOOLS,1032,486,0.47093023255813954
1422 - RIDING POWER LAWN MOWERS,289,280,0.9688581314878892
1425 - WHEELBARROWS OR LAWN CARTS,91,68,0.7472527472527473
1426 - HATCHETS OR AXES,273,221,0.8095238095238095
1427 - POWER HEDGE TRIMMERS,80,159,1.9875
1430 - SEED AND FERTILIZER SPREADERS,3,2,0.6666666666666666
1431 - GRASS AND LEAF CATCHERS (ATTACHMENTS FOR LAWN MOWERS),4,1,0.25
1432 - ANIMAL TRAPS,21,43,2.0476190476190474
1433 - POWER LEAF MULCHERS AND GRINDERS,20,36,1.8
"1439 - LAWN MOWERS, NOT SPECIFIED",881,853,0.9682179341657208
1445 - PLANT FOODS OR FERTILIZERS FOR POTTED PLANTS,4,1,0.25
"1447 - PRUNING OR TRIMMING EQUIPMENT, NOT SPECIFIED",470,314,0.6680851063829787
1448 - ROTARY POWER LAWN MOWERS,94,70,0.7446808510638298
1449 - MANUAL HEDGE TRIMMERS,18,38,2.111111111111111
1450 - MANUAL LAWN TRIMMERS OR EDGERS,2,4,2.0
1452 - OUTDOOR ELECTRIC LIGHTING EQUIPMENT,15,14,0.9333333333333333
1453 - OTHER MANUAL PRUNING OR TRIMMING EQUIPMENT,17,16,0.9411764705882353
1454 - OTHER POWER PRUNING OR TRIMMING EQUIPMENT,2,4,2.0
"1455 - MANUAL PRUNING OR TRIMMING EQUIPMENT, NOT SPECIFIED",25,24,0.96
"1456 - POWER PRUNING OR TRIMMING EQUIPMENT, NOT SPECIFIED",25,31,1.24
1457 - LOG SPLITTERS,158,150,0.9493670886075949
1461 - LEAF BLOWERS,71,98,1.380281690140845
"1462 - PUMPS, NOT ELSEWHERE CLASSIFIED",11,27,2.4545454545454546
"1463 - BRUSHCUTTERS, POWERED",10,3,0.3
"1464 - LAWN TRIMMERS OR EDGERS, POWERED (EXCL. BRUSHCUTTERS)",243,215,0.8847736625514403
"1465 - DECORATIVE YARD EQUIPMENT, EXCL WATER FEATURES",237,283,1.1940928270042195
"1466 - DECORATIVE WATER FEATURES, INCL MAN-MADE PONDS & FOUNTAINS",54,44,0.8148148148148148
1502 - BABY CHANGING TABLES,162,163,1.0061728395061729
1505 - BABY CARRIAGES,9,9,1.0
1506 - BABY GATES OR BARRIERS,245,237,0.9673469387755103
1508 - BABY WALKERS OR JUMPERS,70,106,1.5142857142857142
1509 - BABY BOTTLES OR NIPPLES,45,53,1.1777777777777778
1510 - BOTTLE WARMERS,7,8,1.1428571428571428
1512 - DIAPERS,62,81,1.3064516129032258
1513 - PLAYPENS,85,92,1.0823529411764705
1517 - BABY RATTLES,4,4,1.0
1519 - CAR SEATS (FOR INFANTS OR CHILDREN),426,347,0.8145539906103286
1520 - BABY EXERCISERS,4,4,1.0
1522 - BABY STROLLERS,470,434,0.9234042553191489
1524 - BABY HARNESSES,3,1,0.3333333333333333
1525 - PACIFIERS OR TEETHING RINGS,28,22,0.7857142857142857
1526 - CRIB MOBILES OR CRIB GYMS,1,3,3.0
1529 - PORTABLE CRIBS,4,1,0.25
1531 - BABY CARRIERS (BICYCLE-MOUNTED),3,3,1.0
1533 - NIGHT-LIGHTS,6,10,1.6666666666666667
1535 - POTTY CHAIRS OR TRAINING SEATS,9,12,1.3333333333333333
1537 - BASSINETS OR CRADLES,26,37,1.4230769230769231
1539 - SHOELACE FASTENERS (FOR INFANTS),1,1,1.0
1542 - BABY MATTRESSES OR PADS,7,5,0.7142857142857143
1543 - NONPORTABLE CRIBS,214,91,0.4252336448598131
1544 - BABY BATHS OR BATHINETTES,8,5,0.625
"1545 - CRIBS, NOT SPECIFIED",193,389,2.0155440414507773
"1548 - BABY CARRIERS, NOT SPECIFIED",25,46,1.84
1549 - OTHER BABY CARRIERS,13,12,0.9230769230769231
"1550 - INFANT & TODDLER PLAY CTRS, EXCL JUMPERS,BOUNCERS&EXERCISERS",10,4,0.4
1553 - PORTABLE BABY SWINGS (FOR HOME USE),110,69,0.6272727272727273
1554 - SAFETY PINS,26,18,0.6923076923076923
1555 - HIGH CHAIRS,308,431,1.3993506493506493
1556 - ATTACHED HIGHCHAIR,52,59,1.1346153846153846
1557 - BABY BATHTUB SEATS OR RINGS (NOT TOYS),2,1,0.5
1558 - BABY BOUNCER SEATS (EXCL. JUMPERS),113,88,0.7787610619469026
1602 - HAIR DRYERS,38,49,1.2894736842105263
1604 - CIGARETTE OR PIPE LIGHTERS,45,58,1.288888888888889
"1605 - WIGS, FALLS OR HAIRPIECES",23,21,0.9130434782608695
1607 - EYE PROTECTION DEVICES,63,61,0.9682539682539683
1610 - MASSAGE DEVICES OR VIBRATORS,73,121,1.6575342465753424
1612 - SAUNAS,11,22,2.0
1615 - FOOTWEAR,3846,4098,1.0655226209048363
1616 - JEWELRY,2966,3310,1.1159811193526634
1617 - EAR PROTECTION DEVICES,57,38,0.6666666666666666
1619 - PERSONAL PROTECTION DEVICES,95,104,1.0947368421052632
1622 - WATCHES,23,34,1.4782608695652173
1623 - LUGGAGE,414,396,0.9565217391304348
"1638 - COMBS OR HAIRBRUSHES, UNPOWERED",88,97,1.1022727272727273
"1643 - KEYS, KEY RINGS OR KEY CHAINS",111,120,1.0810810810810811
1644 - NIGHTWEAR,102,108,1.0588235294117647
1645 - DAY WEAR,1500,1892,1.2613333333333334
1646 - OUTERWEAR,153,193,1.261437908496732
1647 - CLOTHING ACCESSORIES,352,344,0.9772727272727273
1650 - DESK SUPPLIES,346,256,0.7398843930635838
"1651 - COMBS, NOT SPECIFIED",23,26,1.1304347826086956
1654 - PAPER CUTTERS,13,21,1.6153846153846154
"1658 - CLOTHING, NOT SPECIFIED",482,542,1.1244813278008299
"1659 - MANICURE, PEDICURE, AND MAKE-UP BRUSHES/TOOLS",455,614,1.3494505494505495
1660 - UMBRELLAS,72,94,1.3055555555555556
1661 - NONELECTRIC RAZORS OR SHAVERS,820,682,0.8317073170731707
"1662 - HAIR GROOMING EQUIPMENT OR ACCESSORIES, N.S.",6,29,4.833333333333333
1664 - ELECTRIC RAZORS OR SHAVERS,15,14,0.9333333333333333
"1667 - RAZORS OR SHAVERS, NOT SPECIFIED",350,321,0.9171428571428571
1669 - PINS AND NEEDLES,265,194,0.7320754716981132
1671 - SEWING BASKET ARTICLES,70,71,1.0142857142857142
1677 - OTHER CLOTHING,7,9,1.2857142857142858
1678 - BATH OR FACIAL CLEANSING BRUSHES,6,10,1.6666666666666667
1679 - GROCERY OR SHOPPING CARTS,1052,910,0.8650190114068441
"1680 - DOLLIES, HANDTRUCKS OR LUGGAGE CARRIERS",74,79,1.0675675675675675
"1682 - HAIR CURLERS, CURLING IRONS, CLIPS & HAIRPINS",535,444,0.8299065420560747
1683 - HAIR CLIPPERS AND TRIMMERS,38,45,1.1842105263157894
"1684 - CARTS, OTHER OR NOT SPECIFIED",230,190,0.8260869565217391
1685 - PENS AND PENCILS,584,571,0.9777397260273972
1686 - COINS,1308,1292,0.9877675840978594
"1687 - LIGHTERS, NOT SPECIFIED",26,33,1.2692307692307692
"1688 - FUEL MULTI-PURPOSE LIGHTERS, INCL. MICRO-TORCHES",5,10,2.0
1701 - ARTIFICIAL CHRISTMAS TREES,56,33,0.5892857142857143
1711 - CHRISTMAS TREE LIGHTS,45,44,0.9777777777777777
1714 - SEASONAL DECORATIONS,34,36,1.0588235294117647
1715 - PET SUPPLIES,1207,1613,1.336371168185584
1718 - FLARES,3,2,0.6666666666666666
1719 - LUNCH BOXES OR PAILS,18,11,0.6111111111111112
1720 - PARTY FAVORS,10,15,1.5
1726 - LOCKERS,236,180,0.7627118644067796
1729 - CHRISTMAS DECORATIONS (NONELECTRIC),130,149,1.146153846153846
1730 - WOODEN MATCHES,2,2,1.0
"1731 - MATCHES, NOT SPECIFIED",13,14,1.0769230769230769
1733 - VENDING MACHINES,49,28,0.5714285714285714
1734 - MUSIC BOXES OR CHIMES,4,4,1.0
1735 - COIN-OPERATED CAR-WASHING EQUIPMENT,2,3,1.5
1736 - ELECTRIC CHRISTMAS DECORATIONS (EXCL. TREE LIGHTS),60,44,0.7333333333333333
"1738 - PUBLIC USE ITEMS, NOT ELSEWHERE CLASSIFIED",185,214,1.1567567567567567
"1740 - ASHTRAYS, NOT ELEC. OR BATTERY OR NOT SPECIFIED",22,32,1.4545454545454546
1741 - TARPAULINS,26,32,1.2307692307692308
1742 - HEATING OR COOLING COMFORT PACKS (NONELECTRIC),8,12,1.5
"1744 - MOTORIZED VEHICLES, NEC (3 OR MORE WHEELS)",303,378,1.2475247524752475
1803 - THERMAL OR SOUND INSULATION MATERIALS,47,32,0.6808510638297872
1807 - FLOORS OR FLOORING MATERIALS,27117,29895,1.102444960725744
1808 - OUTDOOR AWNINGS OR SHUTTERS,54,51,0.9444444444444444
"1812 - GUTTERS, DRAINPIPES, DOWNSPOUTS OR RUN-OFF PIPES",143,125,0.8741258741258742
1816 - SCAFFOLDING,94,78,0.8297872340425532
"1817 - PORCHES, BALCONIES, OPEN-SIDE FLOORS OR FLOOR OPENINGS",3102,2810,0.9058671824629272
"1818 - CISTERNS, CESSPOOLS OR SEPTIC TANKS",5,10,2.0
"1819 - NAILS, SCREWS, CARPET TACKS OR THUMBTACKS",2524,1937,0.7674326465927099
1820 - CABINET OR DOOR HARDWARE,415,430,1.036144578313253
1821 - CLOTHESLINES OR CLOTHES DRYING RACKS,27,18,0.6666666666666666
1826 - STORM WINDOWS,13,4,0.3076923076923077
1828 - WINDOW SCREENS,17,27,1.588235294117647
"1829 - HANDRAILS, RAILINGS OR BANISTERS",974,801,0.8223819301848049
1840 - PULL-DOWN OR FOLDING STAIRS,23,11,0.4782608695652174
1842 - STAIRS OR STEPS,30485,28779,0.944038051500738
1843 - RAMPS OR LANDINGS,334,428,1.281437125748503
1854 - PLASTIC PANELS FOR DOORS OR WINDOWS,1,1,1.0
1857 - ARTIFICIAL TURF,10,27,2.7
1863 - WALLPAPER,3,3,1.0
1864 - COUNTERS OR COUNTERTOPS,1185,1333,1.1248945147679326
1865 - POLES,1122,1253,1.1167557932263814
1866 - GENERAL HOME OR ROOM INVOLVEMENT IN FIRES,399,417,1.0451127819548873
1870 - WINDOW SILLS OR FRAMES,390,374,0.958974358974359
1871 - FENCES OR FENCE POSTS,2728,2334,0.8555718475073314
"1876 - HOUSE REPAIR OR CONSTRUCTION MATERIALS,NEC",249,317,1.2730923694779117
1878 - DOOR SILLS OR FRAMES,1246,1279,1.0264847512038524
1884 - CEILINGS AND WALLS (INTERIOR PART OF COMPLETED STRUCTURE),7827,7840,1.0016609173374218
1885 - WOOD PANELING AND PARTICLEBOARD,10,27,2.7
1886 - GARAGE DOORS (EXCL. AUTOMATIC GARAGE DOORS OR OPENERS),277,284,1.0252707581227436
1887 - TOOL SHEDS,119,129,1.084033613445378
1888 - WINDOW OR DOOR SECURITY BARRIERS,3,15,5.0
"1889 - ELEVATORS OR OTHER LIFTS (EXCL. ESCALATORS, HOISTS, JACKS,",333,359,1.078078078078078
1890 - ESCALATORS,436,379,0.8692660550458715
1891 - MOVING WALKS,10,4,0.4
1892 - GLASS DOORS OR DOORS WITH GLASS PANELS,636,618,0.9716981132075472
"1893 - DOORS, OTHER OR NOT SPECIFIED",7933,7275,0.9170553384595992
"1894 - WINDOWS AND WINDOW GLASS, OTHER THAN STORM WINDOWS",2553,2160,0.8460634547591069
1895 - TREE STANDS (HUNTING),86,61,0.7093023255813954
1898 - GAS FUMES OR GAS VAPORS OF UNKNOWN ORIGIN,45,37,0.8222222222222222
1899 - CARBON MONOXIDE POISONING (WHEN SOURCE IS UNKNOWN,181,140,0.7734806629834254
1903 - ALCOHOL (BEVERAGE),9,8,0.8888888888888888
"1913 - COSMETICS, INCL FACIAL & EYE MAKE-UP, DEODORANTS, ETC.",143,147,1.027972027972028
1914 - VETERINARY MEDICINES,6,10,1.6666666666666667
1915 - LINIMENTS OR RUBBING COMPOUNDS,50,51,1.02
1916 - PREPARATIONS CONTAINING IRON SALTS,17,33,1.9411764705882353
1923 - ASPIRIN OR ASPIRIN COMPOUNDS,31,17,0.5483870967741935
1927 - LIQUID DRUGS,131,122,0.9312977099236641
1928 - ANTIHISTAMINES,209,109,0.5215311004784688
"1929 - DRUGS OR MEDICATIONS, NOT SPECIFIED",6,24,4.0
1930 - ASPIRIN SUBSTITUTES,256,228,0.890625
1931 - TABLET OR CAPSULE DRUGS,972,836,0.8600823045267489
1932 - OTHER DRUGS OR MEDICATIONS,168,145,0.8630952380952381
1934 - HOT WATER,1140,1147,1.006140350877193
1936 - BB'S OR PELLETS,152,91,0.5986842105263158
212 - ELECTRIC CORN POPPERS,1,4,4.0
214 - DISHWASHERS,164,169,1.0304878048780488
215 - ELECTRIC BLENDERS,214,171,0.7990654205607477
"216 - ELECTRIC COUNTER-TOP OVENS, BROILERS OR TOASTER OVENS",8,13,1.625
217 - ELECTRIC COFFEE MAKERS OR TEAPOTS,8,17,2.125
218 - ELECTRIC OR BATTERY-POWERED KNIVES,6,8,1.3333333333333333
219 - ELECTRIC DEEP FRYERS,35,16,0.45714285714285713
221 - FOOD WARMERS,6,2,0.3333333333333333
222 - ELECTRIC FRYING PANS AND SKILLETS,9,32,3.5555555555555554
223 - ELECTRIC GRIDDLES,4,9,2.25
224 - HOT PLATES,4,9,2.25
227 - ICE MAKERS (SEPARATE FROM REFRIGERATORS),16,8,0.5
2300 - SCHOOL EQUIPMENT,37,50,1.3513513513513513
231 - ELECTRIC MIXERS,24,18,0.75
234 - TOASTERS,9,16,1.7777777777777777
235 - ELECTRIC WAFFLE IRONS,4,3,0.75
236 - FAUCET WATER HEATERS,3,3,1.0
237 - GARBAGE DISPOSERS,11,13,1.1818181818181819
240 - ELECTRIC KNIFE SHARPENERS,1,1,1.0
241 - ROTISSERIES,1,1,1.0
252 - TRASH COMPACTORS,6,7,1.1666666666666667
255 - CLOTHES STEAMERS,4,6,1.5
263 - FREEZERS (SEPARATE FROM REFRIGERATORS),113,128,1.1327433628318584
264 - MICROWAVE OVENS,217,251,1.1566820276497696
2640 - ORAL HYGIENE PRODUCTS,10,7,0.7
268 - SLOW COOKERS,55,59,1.0727272727272728
269 - ELECTRIC KETTLES OR HOT POTS,10,8,0.8
271 - JUICERS,5,6,1.2
275 - FOOD PROCESSORS,68,52,0.7647058823529411
276 - REFRIGERATORS,865,836,0.9664739884393063
277 - CLOTHING IRONS,209,120,0.5741626794258373
278 - ELECTRIC RANGES OR OVENS (EXCL COUNTER-TOP OVENS),76,79,1.0394736842105263
279 - GAS RANGES OR OVENS,61,88,1.4426229508196722
280 - OTHER RANGES OR OVENS,7,11,1.5714285714285714
"281 - RANGES OR OVENS, NOT SPECIFIED",730,633,0.8671232876712329
304 - HUMIDIFIERS,14,14,1.0
305 - VAPORIZERS,2,6,3.0
307 - AIR PURIFIERS,2,3,1.5
308 - BOILERS,34,23,0.6764705882352942
310 - GAS FURNACES,27,43,1.5925925925925926
312 - ELECTRIC BASEBOARD HEATERS,20,16,0.8
"316 - WOOD BURNING FIREPLACES, FACTORY BUILT",9,7,0.7777777777777778
"3200 - WATER TUBING (ACTIVITY, APPAREL OR EQUIPMENT)",134,108,0.8059701492537313
3202 - PEDAL-POWERED ADULT VEHICLES (THREE OR MORE WHEELS),11,20,1.8181818181818181
"3203 - SKEET SHOOTING (ACTIVITY, APPAREL OR EQUIPMENT)",12,8,0.6666666666666666
3215 - MOPEDS OR POWER-ASSISTED CYCLES,338,558,1.650887573964497
"3216 - ROLLER SKATING (ACTIVITY, APPAREL OR EQUIPMENT)",1360,1028,0.7558823529411764
"3217 - SKATING (ACTIVITY, APPAREL OR EQUIPMENT) NOT SPECIFIED",154,132,0.8571428571428571
3218 - CHARCOAL OR WOOD-BURNING GRILLS,49,37,0.7551020408163265
3219 - OTHER PLAYGROUND EQUIPMENT,771,968,1.2555123216601816
"322 - FURNACES, OTHER OR NOT SPECIFIED",54,39,0.7222222222222222
3221 - ABOVE-GROUND SWIMMING POOLS (EXCL PORTABLE POOLS),25,26,1.04
"3222 - BADMINTON (ACTIVITY, APPAREL OR EQUIPMENT)",43,47,1.0930232558139534
"3223 - FISHING (ACTIVITY, APPAREL OR EQUIPMENT)",1151,1039,0.9026933101650738
3229 - ELECTRIC GRILLS,4,2,0.5
3230 - KEROSENE GRILLS OR STOVES,1,2,2.0
3233 - OTHER GRILLS OR STOVES,33,58,1.7575757575757576
"3234 - RUGBY (ACTIVITY, APPAREL OR EQUIPMENT)",336,251,0.7470238095238095
"3235 - OTHER BALL SPORTS (ACTIVITY, APPAREL OR EQUIPMENT)",978,1106,1.130879345603272
"3236 - BALL SPORTS (ACTIVITY, APPAREL OR EQUIPMENT), N.S.",282,124,0.4397163120567376
"3245 - STREET HOCKEY (ACTIVITY, APPAREL OR EQUIPMENT)",64,34,0.53125
3246 - SWINGS OR SWING SETS,1602,1471,0.918227215980025
3248 - GAS OR LP GRILLS OR STOVES (FOR OUTDOOR USE),71,69,0.971830985915493
"3249 - GRILLS, NOT SPECIFIED",271,218,0.8044280442804428
3250 - PORTABLE FOOD OR BEVERAGE COOLERS,102,107,1.0490196078431373
3251 - BUILT-IN SWIMMING POOLS,437,382,0.8741418764302059
3252 - SLEEPING BAGS,11,6,0.5454545454545454
"3254 - CHEERLEADING (ACTIVITY, APPAREL OR EQUIPMENT)",982,886,0.9022403258655805
"3255 - ICE SKATING (ACTIVITY, APPAREL OR EQUIPMENT)",695,598,0.860431654676259
"3256 - SQUASH, RACQUET BALL OR PADDLE BALL",95,81,0.8526315789473684
"3257 - MARTIAL ARTS (ACTIVITY, APPAREL OR EQUIPMENT)",779,743,0.9537869062901155
3259 - GO-CARTS,268,242,0.9029850746268657
"3260 - FENCING (ACTIVITY, APPAREL OR EQUIPMENT)",16,13,0.8125
"3261 - SHUFFLEBOARD (ACTIVITY, APPAREL OR EQUIPMENT)",8,11,1.375
3262 - SWIMMING POOL EQUIPMENT,77,82,1.0649350649350648
"3265 - WEIGHT LIFTING (ACTIVITY, APPAREL OR EQUIPMENT)",2576,2393,0.9289596273291926
"3272 - HOCKEY (ACTIVITY, APPAREL OR EQUIPMENT), NOT SPECIFIED",693,484,0.6984126984126984
"3273 - PLAYGROUND EQUIPMENT, NOT SPECIFIED",930,1272,1.367741935483871
"3274 - SWIMMING (ACTIVITY, APPAREL OR EQUIPMENT)",1671,2546,1.523638539796529
"3276 - WATER POLO (ACTIVITY, APPAREL OR EQUIPMENT)",22,29,1.3181818181818181
3277 - EXERCISE EQUIPMENT,1554,1579,1.016087516087516
"3278 - DANCING (ACTIVITY, APPAREL OR EQUIPMENT)",1550,1683,1.0858064516129031
3279 - FLOTATION TOYS (EXCL OFFICIAL LIFE-SAVING DEVICES),16,41,2.5625
"3283 - SNOW SKIING (ACTIVITY, APPAREL OR EQUIPMENT)",805,587,0.7291925465838509
"3284 - TENNIS (ACTIVITY, APPAREL OR EQUIPMENT)",478,475,0.9937238493723849
3285 - ALL TERRAIN VEHICLES (THREE WHEELS/OFF-ROAD ONLY),27,22,0.8148148148148148
3286 - ALL TERRAIN VEHICLES (FOUR WHEELS/OFF ROAD ONLY),1564,1213,0.7755754475703325
3287 - ALL TERRAIN VEHICLES (# OF WHEELS UNSPECIFIED/OFF ROAD),616,636,1.0324675324675325
3288 - DUNE BUGGIES/BEACH BUGGIES,23,14,0.6086956521739131
"3289 - DARTS, FOR INDOOR USE (ACTIVITY OR EQUIPMENT)",10,5,0.5
"3291 - DARTS, NOT OTHERWISE SPECIFIED (N.O.S.)",14,8,0.5714285714285714
"3293 - WATER SLIDES, NOT ELSEWHERE CLASSIFIED",42,82,1.9523809523809523
"3294 - WATER SLIDES, BACKYARD/HOME (NOT SWIMMING POOL SLIDES)",160,147,0.91875
"3295 - WATER SLIDES, PUBLIC (STATIONARY AMUSEMENT RIDES)",120,197,1.6416666666666666
3296 - ALL TERR. VEH. (MORE THAN 4 WHEELS; EXCLUSIVELY OFF-RD.,1,7,7.0
"3297 - IN-LINE SKATING (ACTIVITY, APPAREL OR EQUIPMENT)",296,236,0.7972972972972973
"3299 - EXERCISE (ACTIVITY OR APPAREL, W/O EQUIP)",7677,6920,0.9013937736094829
"334 - GAS-BURNING FIREPLACES, FACTORY BUILT",12,13,1.0833333333333333
336 - BUILT-IN FIREPLACES,72,74,1.0277777777777777
340 - THERMOSTATS (FOR HEATING OR COOLING SYSTEMS),4,8,2.0
"342 - FIREPLACES, NOT SPECIFIED",293,233,0.7952218430034129
"346 - ELECTRIC FIREPLACES, FACTORY BUILT",6,4,0.6666666666666666
348 - PORTABLE ELECTRIC HEATERS,29,41,1.4137931034482758
365 - HEAT PUMPS,4,2,0.5
367 - COAL OR WOOD-BURNING STOVES,92,83,0.9021739130434783
371 - DUCTWORK FOR HEATING OR COOLING SYSTEMS,142,103,0.7253521126760564
"372 - BRICK, STONE OR MASONRY CHIMNEYS",1,14,14.0
"373 - METAL CHIMNEYS, STOVEPIPES OR FLUES",5,6,1.2
374 - PIPES (EXCLUDING SMOKING PIPES),591,454,0.7681895093062606
"378 - CHIMNEYS, NOT SPECIFIED",9,11,1.2222222222222223
379 - RADIATORS (EXCLUDING VEHICLE RADIATORS),249,200,0.8032128514056225
380 - FANS,324,319,0.9845679012345679
381 - AIR CONDITIONERS,279,270,0.967741935483871
384 - FLOOR FURNACES (BUILT INTO FLOOR),3,3,1.0
"388 - ELECTRIC HEATERS, NOT ELSEWHERE CLASSIFIED",41,31,0.7560975609756098
"390 - HEAT TAPES, ELECTRIC",2,2,1.0
391 - PORTABLE GAS OR LP HEATERS,8,21,2.625
"392 - GAS OR LP HEATERS, OTHER OR NOT SPECIFIED",28,21,0.75
"393 - HEATERS OR HEATING SYSTEMS, OTHER OR NOT SPECIFIED",225,196,0.8711111111111111
394 - OUTDOOR PATIO HEATERS OR FIREPITS (MANUFACTURED),84,81,0.9642857142857143
399 - KEROSENE OR OIL HEATERS,18,20,1.1111111111111112
"4002 - BEDDING, NOT SPECIFIED",6,14,2.3333333333333335
4004 - MIRRORS OR MIRROR GLASS,656,565,0.8612804878048781
4005 - FILTERS,3,7,2.3333333333333335
4008 - NONELECTRIC BLANKETS,99,69,0.696969696969697
4009 - NONBABY MATTRESSES,70,70,1.0
401 - NONELECTRIC CAN OPENERS,1,1,1.0
"4010 - MATTRESSES, NOT SPECIFIED",346,344,0.9942196531791907
4011 - INFLATABLE FURNITURE,50,88,1.76
4013 - OTHER FURNITURE,22,23,1.0454545454545454
"4014 - FURNITURE, NOT SPECIFIED",2440,1784,0.7311475409836066
4016 - BEACH CHAIRS OR FOLDING CHAIRS,171,195,1.1403508771929824
4025 - BARSTOOLS OR KITCHEN STOOLS,425,491,1.1552941176470588
"4030 - BATHTUB OR SHOWER ENCLOSURES, NOT SPECIFIED",49,91,1.8571428571428572
4039 - OTHER ELECTRIC LIGHTING EQUIPMENT,14,19,1.3571428571428572
"4041 - ELECTRIC LIGHTING EQUIPMENT, NOT SPECIFIED",70,44,0.6285714285714286
"4042 - LIGHTING EQUIPMENT, NOT SPECIFIED",25,27,1.08
4045 - FABRICS (NOT PART OF FINISHED ITEM),8,11,1.375
"4047 - BOOKS, MAGAZINES, ALBUMS OR SCRAPBOOKS",225,196,0.8711111111111111
405 - UNPOWERED COFFEE MAKERS OR TEAPOTS,8,10,1.25
4050 - PILLOWS,226,279,1.2345132743362832
4051 - SHEETS OR PILLOWCASES,193,165,0.8549222797927462
4054 - OTHER BEDDING,17,6,0.35294117647058826
"4055 - DRAPERY OR CURTAIN RODS, HOOKS OR RINGS",78,71,0.9102564102564102
"4056 - CABINETS, RACKS, ROOM DIVIDERS AND SHELVES, NEC",3187,3009,0.944148101663006
"4057 - TABLES (EXCL.  BABY CHANGING TABLES, BILLIARD OR POOL TABLES",7471,7210,0.9650649176817025
"4058 - BARS AND BAR ACCESSORIES, NOT ELSEWHERE CLASSIFIED",32,30,0.9375
4060 - FUEL-BURNING LIGHTING EQUIPMENT,15,8,0.5333333333333333
4061 - ELECTRIC OUTLETS OR RECEPTACLES,93,78,0.8387096774193549
4062 - ELECTRIC WIRE OR WIRING SYSTEMS (EXCL PANELBOARDS RECEPT,75,66,0.88
"4063 - PANELBOARDS, CIRCUIT BREAKERS, GFCI""S, OR FUSES",26,18,0.6923076923076923
4064 - FUTONS,77,52,0.6753246753246753
"4065 - CLOCKS, ELECTRIC OR BATTERY OPERATED",6,7,1.1666666666666667
"4066 - SCALES, ELECTRIC/BATTERY OPERATED (EXCLUD. BABY SCALES)",6,7,1.1666666666666667
"4067 - CLOCKS, NOT ELEC. OR BATTERY OR NOT SPECIFIED",53,50,0.9433962264150944
"4068 - SCALES, NOT ELEC. OR BATTERY OR NOT SPECIFIED",42,49,1.1666666666666667
4069 - COTS,42,44,1.0476190476190477
"4070 - FLOOR LAMPS OR TABLE LAMPS, HALOGEN",6,4,0.6666666666666666
"4071 - FLOOR LAMPS OR TABLE LAMPS, ELECTRIC (EXCL HALOGEN)",199,167,0.8391959798994975
"4074 - CHAIRS, OTHER OR NOT SPECIFIED",8457,9129,1.0794608017027314
4075 - BED RAILS,197,159,0.8071065989847716
"4076 - BEDS OR BEDFRAMES, OTHER OR NOT SPECIFIED",16799,21043,1.252634085362224
4077 - EXTENSION OR STRAIGHT LADDERS,146,96,0.6575342465753424
"4078 - LADDERS, OTHER OR NOT SPECIFIED",3655,3231,0.8839945280437757
"4079 - FOOTSTOOLS, OTTOMANS OR HASSOCKS",210,199,0.9476190476190476
408 - IRONING BOARDS OR COVERS,29,19,0.6551724137931034
"4080 - STOOLS, OTHER OR NOT SPECIFIED",673,775,1.151560178306092
"4081 - CORDS, ELECTRICAL, OTHER OR NOT SPECIFIED",237,190,0.8016877637130801
4082 - TODDLER BEDS,34,41,1.2058823529411764
4083 - SURGE SUPPRESSORS OR POWER STRIPS,5,6,1.2
4084 - RESIDENTIAL ALTERNATIVE ENERGY SYSTEMS FOR ON-SITE POWER GEN,1,4,4.0
412 - PRESSURE COOKERS OR CANNERS,39,46,1.1794871794871795
"413 - WASTE CONTAINERS, TRASH BASKETS OR REFUSE BINS",920,1048,1.1391304347826088
416 - CORKSCREWS,5,1,0.2
417 - FLATWARE (EXCL. KNIVES),158,171,1.0822784810126582
"419 - TIE RACKS, BELT RACKS OR OTHER CLOTHES HANGERS",141,114,0.8085106382978723
420 - MANUAL SCISSORS,322,271,0.8416149068322981
421 - NONELECTRIC KNIFE SHARPENERS,1,1,1.0
422 - BOTTLE OPENERS,2,2,1.0
427 - ICE PICKS,9,6,0.6666666666666666
"428 - KITCHEN GADGETS, NOT ELSEWHERE CLASSIFIED",294,401,1.3639455782312926
429 - FOOD SKEWERS,19,11,0.5789473684210527
431 - TOOTHPICKS OR HORS D'OEUVRES PICKS,177,147,0.8305084745762712
432 - TRAYS (EXCL. FOOD WARMERS),81,76,0.9382716049382716
434 - DOORSTOPS,31,26,0.8387096774193549
"435 - KITCHEN MIXING BOWLS, CANISTERS OR SIMILAR CONTAINERS",32,49,1.53125
"436 - POTHOLDERS, OVEN MITTS OR HOT PADS",1,1,1.0
438 - LAUNDRY BASKETS,301,279,0.9269102990033222
443 - DRINKING STRAWS,83,117,1.4096385542168675
"444 - KNIFE SHARPENERS, NOT SPECIFIED",6,9,1.5
"450 - SCISSORS, NOT SPECIFIED",326,264,0.8098159509202454
"452 - COFFEE MAKERS OR TEAPOTS, NOT SPECIFIED",52,64,1.2307692307692308
"453 - CAN OPENERS, NOT SPECIFIED",36,44,1.2222222222222223
460 - METAL COOKWARE (NONELECTRIC),62,151,2.435483870967742
461 - NONMETAL COOKWARE (NONELECTRIC),40,32,0.8
462 - CHAFING DISHES OR FONDUE POTS,1,3,3.0
"463 - CANDLES, CANDLESTICKS AND OTHER CANDLE HOLDERS",213,188,0.8826291079812206
"464 - KNIVES, NOT ELSEWHERE CLASSIFIED",7448,6376,0.8560687432867884
465 - OTHER COOKWARE,34,41,1.2058823529411764
"466 - COOKWARE, NOT SPECIFIED",629,542,0.8616852146263911
469 - SLICERS AND CHOPPERS,549,436,0.7941712204007286
471 - FOOD GRINDERS,16,17,1.0625
477 - THERMOMETERS (EXCLUDING MEDICAL THERMOMETERS),7,8,1.1428571428571428
480 - MANUAL CLEANING EQUIPMENT (EXCL. BUCKETS AND PAILS),701,636,0.9072753209700428
"4802 - STRAPS, NON-STRETCH, OTHER, OR NOT SPECIFIED",27,23,0.8518518518518519
"482 - APPLIANCES, OTHER AND NOT SPECIFIED",37,33,0.8918918918918919
5001 - OTHER TOY WEAPONS (PROJECTILE),9,3,0.3333333333333333
"5005 - RIDING TOYS, NOT SPECIFIED",124,105,0.8467741935483871
5006 - OTHER TOY GUNS,18,33,1.8333333333333333
"5007 - TOY WEAPONS, NOT SPECIFIED",3,1,0.3333333333333333
5010 - CRAYONS OR CHALK,120,112,0.9333333333333333
"5011 - BOOK BAGS OR BACK CARRIERS (EXC. BABY CARR. LUGGAGE, CAM",307,331,1.0781758957654723
"5016 - BALLS, OTHER OR NOT SPECIFIED",574,629,1.0958188153310104
5017 - FLYING DISCS AND BOOMERANGS,308,202,0.6558441558441559
5018 - DOLL HOUSES AND OTHER PLAY SCENES,39,45,1.1538461538461537
5019 - GAMES OR GAME PARTS (EXCL MARBLES & COMPUTER GAMES),110,166,1.509090909090909
"5020 - PRETEND ELECTRONICS, TOOLS, HOUSEWARES & APPLIANCES",90,107,1.1888888888888889
5021 - TOY VEHICLES (EXCLUDING RIDING TOYS),345,307,0.8898550724637682
"5029 - CAMPING EQUIPMENT (EXCL. TRAILERS, LIGHTING EQUIPMENT,",102,109,1.0686274509803921
"5030 - TRACK & FIELD (ACT., APPAREL, EQP.; EX.  JOG, RUN FIT)",887,843,0.9503945885005637
"5031 - SNOWBOARDING (ACTIVITY, APPAREL OR EQUIPMENT)",751,430,0.5725699067909454
"5032 - ROLLER HOCKEY (ACTIVITY, APPAREL OR EQUIPMENT)",25,16,0.64
5033 - MOUNTAIN OR ALL-TERRAIN BICYCLES AND ACCESSORIES,201,218,1.0845771144278606
"5034 - SOFTBALL (ACTIVITY, APPAREL OR EQUIPMENT)",2254,1591,0.7058562555456965
"5035 - MINIBIKES, POWERED",37,91,2.4594594594594597
"5036 - TWO-WHEELED, POWERED, OFF-ROAD VEHICLES",1124,1137,1.0115658362989324
5037 - HAMMOCKS,85,146,1.7176470588235293
"5040 - BICYCLES AND ACCESSORIES, (EXCL.MOUNTAIN OR ALL-TERRAIN)",13895,11103,0.7990644116588701
"5041 - BASEBALL (ACTIVITY, APPAREL OR EQUIPMENT; EXCL SOFTBALL)",3459,2660,0.7690083839259901
"5042 - SCOOTERS / SKATEBOARDS, POWERED",151,1511,10.006622516556291
5043 - PORTABLE SWIMMING POOLS,41,58,1.4146341463414633
5044 - UTILITY VEHICLES,38,86,2.263157894736842
519 - TELEVISION TABLES OR STANDS,287,296,1.0313588850174216
"529 - TELESCOPES, BINOCULARS, MICROSCOPES, MAGNIFYING GLASSES",11,7,0.6363636363636364
531 - RECORDING TAPES,3,1,0.3333333333333333
536 - PHOTOGRAPHIC EQUIPMENT,26,45,1.7307692307692308
545 - AMATEUR TWO-WAY RADIOS,2,1,0.5
546 - STEREO OR HI-FI COMPONENTS OR ACCESSORIES,303,371,1.2244224422442245
"547 - SOUND RECORDING OR RECEIVING EQUIPMENT, NOT SPECIFIED",14,7,0.5
549 - PROJECTORS,8,2,0.25
550 - TELEPHONES OR TELEPHONE ACCESSORIES,522,684,1.3103448275862069
"552 - ANTENNAS, NOT SPECIFIED",5,7,1.4
555 - RADIOS (SELF-CONTAINED UNITS),16,6,0.375
5555 - < 5 POISONINGS - NO OTHER CODE,24,54,2.25
557 - COMPUTERS (EQUIPMENT AND ELECTRONIC GAMES),655,647,0.9877862595419847
"559 - RADIOS, NOT SPECIFIED",16,10,0.625
561 - OUTDOOR ANTENNAS (SEPARATE),13,5,0.38461538461538464
562 - LASER POINTERS,4,5,1.25
563 - RECORD PLAYERS (SELF-CONTAINED UNITS),3,1,0.3333333333333333
"565 - MUSICAL INSTRUMENTS, ELECTRIC OR BATTERY OPERATED",13,13,1.0
"566 - MUSICAL INSTRMNTS, NOT ELECT. OR BATTERY OR NOT SPEC.",225,189,0.84
567 - COAXIAL CABLE,3,8,2.6666666666666665
569 - ART OR CERAMICS SUPPLIES AND EQUIPMENT (EXCL. PAINTBRUSHES),80,107,1.3375
571 - BUSINESS AND OFFICE MACHINES,56,49,0.875
572 - TELEVISIONS,1110,564,0.5081081081081081
"573 - OTHER SOUND RECORDING, REPRODUCING OR RECEIVING EQUIP.",14,7,0.5
"574 - REMOTE CONTROL, UNIVERSAL OR NS (EXCL. REMOTES FOR TOYS)",50,39,0.78
575 - COMPACT DISCS (CDS) AND DVDS,27,4,0.14814814814814814
576 - VIDEO PLAYERS AND RECORDERS (EXCL CAMERAS),14,6,0.42857142857142855
"604 - DESKS, CHESTS, BUREAUS OR BUFFETS",2773,2471,0.8910926794085827
606 - GENERATORS OR POWER PLANTS,59,64,1.0847457627118644
609 - GLASS BATHTUB OR SHOWER ENCLOSURES,54,66,1.2222222222222223
610 - NONGLASS BATHTUB OR SHOWER ENCLOSURES,3,8,2.6666666666666665
611 - BATHTUBS OR SHOWERS,7172,7661,1.0681818181818181
"612 - RUNNERS, THROW RUGS OR DOORMATS",424,484,1.1415094339622642
"613 - ROOM-SIZED, WALL-TO-WALL OR OUTDOOR CARPETING",306,364,1.1895424836601307
"617 - DRAPERIES, CURTAINS, SHOWER CURTAINS(FABRIC OR PLASTIC)",89,80,0.898876404494382
618 - STEPLADDERS,257,324,1.2607003891050583
620 - STEP STOOLS,313,330,1.0543130990415335
623 - BUTANE OR LP GAS METERS,7,4,0.5714285714285714
627 - LIGHT BULBS,259,154,0.5945945945945946
628 - ELECTRIC CHANDELIERS OR OTHER ATTACHED LIGHT FIXTURES,89,68,0.7640449438202247
"638 - WINDOW SHADES, VENETIAN BLINDS OR INDOOR SHUTTERS",90,75,0.8333333333333334
639 - FLASHLIGHTS OR BATTERY-POWERED LANTERNS,36,31,0.8611111111111112
648 - SINKS,561,662,1.1800356506238858
649 - TOILETS,2314,3233,1.3971477960242005
651 - TABLE LINENS,11,11,1.0
"652 - PICTURES, PICTURE FRAMES OR WALL DECORATIONS",392,312,0.7959183673469388
653 - ARTIFICIAL FLOWERS OR PLANTS,18,10,0.5555555555555556
"654 - KNICKKNACKS, STATUES, VASES OR URNS",404,354,0.8762376237623762
657 - TOWEL RACKS OR BARS,57,53,0.9298245614035088
661 - BUNK BEDS,1140,1203,1.055263157894737
662 - WATERBEDS OR WATER PILLOWS,6,5,0.8333333333333334
663 - FIREPLACE EQUIPMENT,33,20,0.6060606060606061
666 - TOWELS OR CLOTHS,168,163,0.9702380952380952
"667 - BEDSPREADS, THROWS OR COMFORTERS",30,32,1.0666666666666667
669 - CLOTHESPINS,2,2,1.0
670 - RECLINER CHAIR,586,782,1.3344709897610922
671 - ROCKING CHAIR,177,184,1.03954802259887
672 - LAUNDRY HAMPERS,31,32,1.032258064516129
"676 - RUGS OR CARPETS, NOT SPECIFIED",2319,2329,1.0043122035360068
"679 - SOFAS, COUCHES, DAVENPORTS, DIVANS OR STUDIO COUCHES",5293,5644,1.0663139996221425
"680 - CONVERTIBLE BEDS, HIDEAWAY BEDS OR SOFA BEDS",25,29,1.16
685 - EXTENSION CORDS,77,113,1.4675324675324675
687 - BENCHES,1065,1161,1.0901408450704226
"689 - BLANKETS, NOT SPECIFIED",175,236,1.3485714285714285
692 - MAGAZINE RACKS OR BOOK ENDS,13,10,0.7692307692307693
693 - FOOTLOCKERS,36,16,0.4444444444444444
698 - HOT TUBS OR HOME SPAS,137,143,1.0437956204379562
699 - FAUCETS OR SPIGOTS,79,63,0.7974683544303798
701 - FIRE EXTINGUISHERS,47,55,1.1702127659574468
702 - FIRE OR SMOKE ALARMS,8,25,3.125
704 - BURGLAR ALARMS,2,3,1.5
"707 - PADLOCKS, CHAIN LOCKS OR OTHER LOCKS",39,39,1.0
709 - SAFES,48,41,0.8541666666666666
711 - FIRE ESCAPE DEVICES,13,22,1.6923076923076923
712 - CARBON MONOXIDE DETECTORS,44,42,0.9545454545454546
713 - FIRE SPRINKLERS,6,1,0.16666666666666666
803 - POWER SANDERS,27,32,1.1851851851851851
804 - POWER ROUTERS,34,18,0.5294117647058824
805 - POWER LATHES,11,5,0.45454545454545453
807 - POWER JOINTERS,9,8,0.8888888888888888
809 - OTHER PORTABLE OR STATIONARY POWER TOOLS,37,54,1.4594594594594594
"814 - HOISTS, LIFTS, JACKS OR JACK STANDS",380,327,0.8605263157894737
819 - ELECTRIC MOTORS (SEPARATE),8,6,0.75
820 - INTERNAL COMBUSTION ENGINES (NONVEHICULAR),8,9,1.125
821 - AUTOMOTIVE TOOLS OR ACCESSORIES,53,68,1.2830188679245282
823 - AIR COMPRESSORS (SEPARATE),55,36,0.6545454545454545
827 - HAMMERS,512,415,0.810546875
828 - SCREWDRIVERS,151,97,0.6423841059602649
829 - MANUAL DRILLS,3,4,1.3333333333333333
830 - HAND SAWS,79,67,0.8481012658227848
832 - PORTABLE CIRCULAR POWER SAWS,272,188,0.6911764705882353
833 - WORKSHOP COMPOUNDS OR CHEMICALS,5,12,2.4
834 - HEAVY-DUTY WORKSHOP STAPLERS,55,33,0.6
835 - TOOLBOXES OR TOOL KITS,171,106,0.6198830409356725
836 - KNIVES WITH REPLACEABLE BLADES,883,782,0.8856172140430351
"837 - WIRE, NOT SPECIFIED",151,163,1.0794701986754967
841 - BENCH OR TABLE SAWS,695,658,0.9467625899280575
842 - BAND SAWS,50,45,0.9
843 - RADIAL ARM SAWS,7,3,0.42857142857142855
"845 - SAWS, NOT SPECIFIED",297,257,0.8653198653198653
"847 - DRILLS, NOT SPECIFIED",190,172,0.9052631578947369
852 - ROPE OR STRING,152,175,1.1513157894736843
854 - WORKSHOP FURNISHINGS,32,18,0.5625
855 - PORTABLE POWER DRILLS AND ACCESSORIES,54,53,0.9814814814814815
856 - STATIONARY POWER DRILLS AND ACCESSORIES,7,9,1.2857142857142858
"857 - PLIERS, WIRE CUTTERS OR WRENCHES",215,131,0.6093023255813953
"859 - SOLDERING EQUIPMENT, NOT SPECIFIED",8,9,1.125
862 - MANUAL FILING OR SANDING TOOLS,30,21,0.7
864 - SABRE SAWS,16,23,1.4375
869 - GLUE GUNS,17,36,2.1176470588235294
"870 - AWLS, CHISELS OR PLANES",75,49,0.6533333333333333
"871 - POWER DRILLS OR ACCESSORIES, NOT SPECIFIED",94,102,1.0851063829787233
874 - CUTTING TORCHES,20,10,0.5
875 - JIGSAWS,10,8,0.8
878 - LEVELS,1,5,5.0
879 - VISES OR WORKSHOP CLAMPS,13,6,0.46153846153846156
880 - DRAIN SNAKES,11,8,0.7272727272727273
881 - OTHER MANUAL WORKSHOP TOOLS,125,110,0.88
882 - NAIL GUNS OR STUD DRIVERS,113,128,1.1327433628318584
883 - BATTERY CHARGERS/ADAPTERS,7,65,9.285714285714286
884 - BATTERIES,357,357,1.0
"885 - CHAINS, NOT ELSEWHERE CLASSIFIED",61,51,0.8360655737704918
886 - STRETCH CORDS OR STRETCH STRAPS,56,42,0.75
"887 - PAINTING EQUIP., POWERED (SPRAYERS, ROLLERS, BRUSHES)",49,21,0.42857142857142855
"888 - SPRAYERS, NOT ELSEWHERE CLASSIFIED",115,144,1.2521739130434784
"890 - TORCHES, NOT SPECIFIED",14,12,0.8571428571428571
"893 - TOOLS, NOT SPECIFIED",482,516,1.070539419087137
894 - HACKSAWS,15,7,0.4666666666666667
"895 - POWER SAWS, OTHER OR NOT SPECIFIED",207,291,1.4057971014492754
896 - WELDING EQUIPMENT,234,153,0.6538461538461539
"897 - POWER WORKSHOP GRINDERS, BUFFERS OR POLISHERS",131,176,1.3435114503816794
"898 - MANUAL WORKSHOP GRINDERS, BUFFERS OR POLISHERS",17,28,1.6470588235294117
"899 - WORKSHOP GRINDERS, BUFFERS OR POLISHERS, N.S.",363,326,0.8980716253443526
904 - FLOOR WAXES,4,4,1.0
905 - FURNITURE POLISHES OR WAXES,4,2,0.5
908 - PAINT THINNERS OR VARNISH THINNERS,23,14,0.6086956521739131
909 - ADHESIVES,166,168,1.0120481927710843
910 - GASOLINE,264,254,0.9621212121212122
913 - LUBRICANTS,33,27,0.8181818181818182
914 - DRY ICE,2,1,0.5
915 - METHYL ALCOHOL (SOLVENT),4,2,0.5
917 - CHARCOAL,41,19,0.4634146341463415
920 - CAULKING OR SPACKLING COMPOUNDS,3,4,1.3333333333333333
"921 - CHEMICALS, NOT ELSEWHERE CLASSIFIED",162,178,1.0987654320987654
"925 - PAINTBRUSHES OR ROLLERS, MANUAL",30,52,1.7333333333333334
927 - TAPES (WITH ADHESIVE SURFACES),30,43,1.4333333333333333
929 - DRAIN CLEANERS,32,41,1.28125
"930 - AMMONIA, HOUSEHOLD",24,23,0.9583333333333334
933 - TURPENTINE,1,2,2.0
934 - DISHWASHER DETERGENTS,36,36,1.0
936 - ACIDS,28,23,0.8214285714285714
937 - RUST REMOVERS,2,1,0.5
938 - SWIMMING POOL CHEMICALS,74,42,0.5675675675675675
940 - LIGHTER FLUIDS,51,39,0.7647058823529411
941 - FUELS FOR CHAFING DISHES OR FONDUE POTS,2,1,0.5
942 - OVEN CLEANERS,32,20,0.625
945 - PINE OIL CLEANING AND DISINFECTANT PREPARATIONS,34,25,0.7352941176470589
949 - LAUNDRY SOAPS OR DETERGENTS,539,642,1.1910946196660481
951 - TOILET BOWL PRODUCTS,34,22,0.6470588235294118
952 - FABRIC TREATMENT PRODUCTS,50,59,1.18
953 - ABRASIVE CLEANERS,26,21,0.8076923076923077
954 - GENERAL PURPOSE HOUSEHOLD CLEANERS,325,277,0.8523076923076923
955 - AUTOMOTIVE CHEMICALS,34,32,0.9411764705882353
956 - BLEACHES (NONCOSMETIC),517,466,0.9013539651837524
957 - DYES (NONCOSMETIC),2,8,4.0
"960 - PAINTS, VARNISHES OR SHELLACS",226,183,0.8097345132743363
962 - DIESEL FUELS,6,7,1.1666666666666667
963 - KEROSENE,10,11,1.1
964 - LAMP OILS,6,6,1.0
"965 - FUEL OILS, NOT SPECIFIED",13,15,1.1538461538461537
966 - ANTIFREEZE,29,43,1.4827586206896552
967 - WINDSHIELD WIPER FLUIDS,9,6,0.6666666666666666
968 - CAUSTICS,6,1,0.16666666666666666
969 - LYE,8,9,1.125
"972 - PAINT OR VARNISH REMOVERS, PAINTBRUSH CLEANERS",9,8,0.8888888888888888
973 - LIQUID ROOM DEODORIZERS OR FRESHENERS,32,35,1.09375
974 - SOLID ROOM DEODORIZERS OR FRESHENERS,29,41,1.4137931034482758
"975 - ROOM DEODORIZERS OR FRESHENERS, NOT SPECIFIED",18,20,1.1111111111111112
"976 - DETERGENTS, NOT SPECIFIED",64,31,0.484375
977 - SPOT REMOVERS OR CLEANING FLUIDS,15,16,1.0666666666666667
"978 - AUTOMOTIVE WAXES, POLISHES OR CLEANERS",9,21,2.3333333333333335
979 - DISHWASHING LIQUID,24,21,0.875
980 - FUEL STORAGE TANKS,54,49,0.9074074074074074
981 - GASOLINE CANS,19,23,1.2105263157894737
982 - SCHOOL LABORATORY CHEMICALS,12,9,0.75
983 - SOAPS (EXCL. LAUNDRY SOAPS OR DETERGENTS),527,691,1.3111954459203037
"984 - SOLVENTS, OTHER OR NOT SPECIFIED",2,7,3.5
